/*顧客マスタ*/
SET IDENTITY_INSERT M_Client ON
INSERT INTO M_Client (ClID,SoID,ClName,ClAddress,ClPhone,ClPostal,ClFAX,ClFlag,ClHidden)
VALUES (1,4,N'上村電機',N'京都府京都市伏見区塩屋町3-9-95',N'077-672-6006',N'6128046',N'077-581-0164',0,null)
INSERT INTO M_Client (ClID,SoID,ClName,ClAddress,ClPhone,ClPostal,ClFAX,ClFlag,ClHidden)
VALUES (2,1,N'萬田金融',N'大阪府大阪市西区北堀江1丁目22-3',N'06-8757-6267',N'5500014',N'06-8757-6267',0,null)
INSERT INTO M_Client (ClID,SoID,ClName,ClAddress,ClPhone,ClPostal,ClFAX,ClFlag,ClHidden)
VALUES (3,1,N'宝田電機',N'大阪府大阪市中央区和泉町2-5-46',N'06-1423-1895',N'5720806',N'06-1374-4358',0,null)
INSERT INTO M_Client (ClID,SoID,ClName,ClAddress,ClPhone,ClPostal,ClFAX,ClFlag,ClHidden)
VALUES (4,1,N'INATUGI',N'大阪府茨木市横江2-5-60',N'072-02-5171',N'5670044',N'072-018-0116',0,null)
INSERT INTO M_Client (ClID,SoID,ClName,ClAddress,ClPhone,ClPostal,ClFAX,ClFlag,ClHidden)
VALUES (5,2,N'水野電機',N'大阪府豊中市末広町2-6-13',N'06-2096-0974',N'5600024',N'06-2434-2434',0,null)
INSERT INTO M_Client (ClID,SoID,ClName,ClAddress,ClPhone,ClPostal,ClFAX,ClFlag,ClHidden)
VALUES (6,1,N'ショップ赤川',N'大阪府大阪市天王寺区上本町',N'090-1111-1111',N'5430001',N'06-1111-1111',0,null)
INSERT INTO M_Client (ClID,SoID,ClName,ClAddress,ClPhone,ClPostal,ClFAX,ClFlag,ClHidden)
VALUES (7,3,N'成田',N'奈良県御所市船路2-8-87',N'0746-0-1160',N'6392268',N'0746-0-1160',0,null)
SET IDENTITY_INSERT M_Client OFF

/*社員マスタ*/
SET IDENTITY_INSERT M_Employee ON
INSERT INTO M_Employee(EmID,EmName,SoID,PoID,EmHiredate,EmPassword,EmPhone,EmFlag,EmHidden)
VALUES(116,N'坂口 郁美',2,3,29389,N'0116',N'06-6813-5485',0,null)
INSERT INTO M_Employee(EmID,EmName,SoID,PoID,EmHiredate,EmPassword,EmPhone,EmFlag,EmHidden)
VALUES(310,N'高谷春男',1,2,26744,N'0310',N'06-6356-8742',0,null)
INSERT INTO M_Employee(EmID,EmName,SoID,PoID,EmHiredate,EmPassword,EmPhone,EmFlag,EmHidden)
VALUES(1002,N'日下部俊夫',1,2,33120,N'1002',N'06-6579-0622',0,null)
INSERT INTO M_Employee(EmID,EmName,SoID,PoID,EmHiredate,EmPassword,EmPhone,EmFlag,EmHidden)
VALUES(1007,N'岸本芽生',3,2,35465,N'1007',N'075-425-3371',0,null)
INSERT INTO M_Employee(EmID,EmName,SoID,PoID,EmHiredate,EmPassword,EmPhone,EmFlag,EmHidden)
VALUES(1111,N'奥村敦彦',4,3,31123,N'999',N'079-145-6121',0,null)
INSERT INTO M_Employee(EmID,EmName,SoID,PoID,EmHiredate,EmPassword,EmPhone,EmFlag,EmHidden)
VALUES(1208,N'渋谷秋昴',5,2,34365,N'1208',N'0790-68-8043',0,null)
INSERT INTO M_Employee(EmID,EmName,SoID,PoID,EmHiredate,EmPassword,EmPhone,EmFlag,EmHidden)
VALUES(1227,N'生田徳次郎',1,1,23456,N'1227',N'06-3021-1630',0,null)
SET IDENTITY_INSERT M_Employee OFF

/*大分類マスタ*/
SET IDENTITY_INSERT M_MajorCassification ON
INSERT INTO M_MajorCassification(McID,McName,McFlag,McHidden)
VALUES(1,N'テレビ・レコーダー',0,null)
INSERT INTO M_MajorCassification(McID,McName,McFlag,McHidden)
VALUES(2,N'エアコン・冷蔵庫・洗濯機',0,null)
INSERT INTO M_MajorCassification(McID,McName,McFlag,McHidden)
VALUES(3,N'オーディオ・イヤホン・ヘッドホン',0,null)
INSERT INTO M_MajorCassification(McID,McName,McFlag,McHidden)
VALUES(4,N'携帯電話・スマートフォン',0,null)
SET IDENTITY_INSERT M_MajorCassification OFF

/*メーカーマスタ*/
SET IDENTITY_INSERT M_Maker ON
INSERT INTO M_Maker(MaID,MaName,MaAdress,MaPhone,MaPostal,MaFAX,MaFlag,MaHidden)
VALUES(1,N'Aメーカ',N'大阪',N'000-0000-0000',N'0000000',N'000-0000-0000',0,null)
INSERT INTO M_Maker(MaID,MaName,MaAdress,MaPhone,MaPostal,MaFAX,MaFlag,MaHidden)
VALUES(2,N'Bメーカ',N'京都',N'000-0000-0000',N'0000000',N'000-0000-0000',0,null)
INSERT INTO M_Maker(MaID,MaName,MaAdress,MaPhone,MaPostal,MaFAX,MaFlag,MaHidden)
VALUES(3,N'Cメーカ',N'和歌山',N'000-0000-0000',N'0000000',N'000-0000-0000',0,null)
INSERT INTO M_Maker(MaID,MaName,MaAdress,MaPhone,MaPostal,MaFAX,MaFlag,MaHidden)
VALUES(4,N'Dメーカ',N'滋賀',N'000-0000-0000',N'0000000',N'000-0000-0000',0,null)
SET IDENTITY_INSERT M_Maker OFF

/*役職マスタ*/
SET IDENTITY_INSERT M_Position ON
INSERT INTO M_Position(PoID,PoName,PoFlag,PoHidden)
VALUES(1,N'管理者',0,null)
INSERT INTO M_Position(PoID,PoName,PoFlag,PoHidden)
VALUES(2,N'営業',0,null)
INSERT INTO M_Position(PoID,PoName,PoFlag,PoHidden)
VALUES(3,N'物流',0,null)
SET IDENTITY_INSERT M_Position OFF

/*商品マスタ*/
SET IDENTITY_INSERT M_Product ON
INSERT INTO M_Product(PrID,MaID,PrName,Price,PrJCode,PrSafetyStock,ScID,PrModelNumber,PrColor,PrReleaseDate,PrFlag,PrHidden)
VALUES(1,1,N'テレビA',100000,null,100,1,N'A0001',N'黒',N'2019/05/01',0,null)
INSERT INTO M_Product(PrID,MaID,PrName,Price,PrJCode,PrSafetyStock,ScID,PrModelNumber,PrColor,PrReleaseDate,PrFlag,PrHidden)
VALUES(2,1,N'テレビB',98000,null,100,1,N'A0001',N'黒',N'2019/05/01',0,null)
INSERT INTO M_Product(PrID,MaID,PrName,Price,PrJCode,PrSafetyStock,ScID,PrModelNumber,PrColor,PrReleaseDate,PrFlag,PrHidden)
VALUES(3,1,N'レコーダーA',5000,null,50,2,N'B0001',N'黒',N'2019/05/01',0,null)
INSERT INTO M_Product(PrID,MaID,PrName,Price,PrJCode,PrSafetyStock,ScID,PrModelNumber,PrColor,PrReleaseDate,PrFlag,PrHidden)
VALUES(4,2,N'エアコンA',160000,null,50,3,N'B0001',N'白',N'2019/05/01',0,null)
INSERT INTO M_Product(PrID,MaID,PrName,Price,PrJCode,PrSafetyStock,ScID,PrModelNumber,PrColor,PrReleaseDate,PrFlag,PrHidden)
VALUES(5,2,N'冷蔵庫A',200000,null,50,4,N'C0001',N'白',N'2019/05/01',0,null)
INSERT INTO M_Product(PrID,MaID,PrName,Price,PrJCode,PrSafetyStock,ScID,PrModelNumber,PrColor,PrReleaseDate,PrFlag,PrHidden)
VALUES(6,2,N'洗濯機A',150000,null,50,5,N'D0001',N'白',N'2019/05/01',0,null)
INSERT INTO M_Product(PrID,MaID,PrName,Price,PrJCode,PrSafetyStock,ScID,PrModelNumber,PrColor,PrReleaseDate,PrFlag,PrHidden)
VALUES(7,3,N'オーディオA',6000,null,10,6,N'E0001',N'黒',N'2019/05/01',0,null)
INSERT INTO M_Product(PrID,MaID,PrName,Price,PrJCode,PrSafetyStock,ScID,PrModelNumber,PrColor,PrReleaseDate,PrFlag,PrHidden)
VALUES(8,3,N'イヤホンA',5000,null,100,7,N'N0001',N'赤',N'2019/05/01',0,null)
INSERT INTO M_Product(PrID,MaID,PrName,Price,PrJCode,PrSafetyStock,ScID,PrModelNumber,PrColor,PrReleaseDate,PrFlag,PrHidden)
VALUES(9,4,N'iphone8',78800,null,50,9,N'G0001',N'ゴールド',N'2019/05/01',2,N'メーカー販売中止')
INSERT INTO M_Product(PrID,MaID,PrName,Price,PrJCode,PrSafetyStock,ScID,PrModelNumber,PrColor,PrReleaseDate,PrFlag,PrHidden)
VALUES(10,4,N'スマートフォンA',30000,null,50,10,N'H0001',N'シルバー',N'2019/05/01',0,null)
INSERT INTO M_Product(PrID,MaID,PrName,Price,PrJCode,PrSafetyStock,ScID,PrModelNumber,PrColor,PrReleaseDate,PrFlag,PrHidden)
VALUES(11,4,N'スマートフォンB',40000,null,50,10,N'H0002',N'黒',N'2019/05/01',0,null)
SET IDENTITY_INSERT M_Product OFF

/*営業所マスタ*/
SET IDENTITY_INSERT M_SalesOffice ON
INSERT INTO M_SalesOffice(SoID,SoName,SoAddress,SoPhone,SoPostal,SoFAX,SoFlag,SoHidden)
VALUES(1,N'北大阪営業所',N'大阪府吹田市寿町3-4-40',N'06-7011-6123',N'5600046',N'06-6562-2740',0,null)
INSERT INTO M_SalesOffice(SoID,SoName,SoAddress,SoPhone,SoPostal,SoFAX,SoFlag,SoHidden)
VALUES(2,N'兵庫営業所',N'兵庫県姫路市東辻井2-5-20',N'079-669-4326',N'6700994',N'079-669-4327',0,null)
/*INSERT INTO M_SalesOffice(SoID,SoName,SoAddress,SoPhone,SoPostal,SoFAX,SoFlag,SoHidden)*/
/*VALUES(3,N'鹿営業所',N'奈良県生駒郡三郷町勢野8-7-50',N'0745-99-0084',N'6360814',N'0746-0-1160639',0,null)*/
INSERT INTO M_SalesOffice(SoID,SoName,SoAddress,SoPhone,SoPostal,SoFAX,SoFlag,SoHidden)
VALUES(3,N'京都営業所',N'京都府京都市山科区東野南井ノ上町10-3-7',N'077-6726006',N'6078143',N'0771-85-2574',0,null)
INSERT INTO M_SalesOffice(SoID,SoName,SoAddress,SoPhone,SoPostal,SoFAX,SoFlag,SoHidden)
VALUES(4,N'和歌山営業所',N'和歌山県和歌山市柳丁4-19',N'073-887-1927',N'6408336',N'0735-78-4874',0,null)
SET IDENTITY_INSERT M_SalesOffice OFF

/*小分類マスタ*/
SET IDENTITY_INSERT M_SmallClassification ON
INSERT INTO M_SmallClassification(ScID,McID,ScName,ScFlag,ScHidden)
VALUES(1,1,N'テレビ',0,null)
INSERT INTO M_SmallClassification(ScID,McID,ScName,ScFlag,ScHidden)
VALUES(2,1,N'レコーダー',0,null)
INSERT INTO M_SmallClassification(ScID,McID,ScName,ScFlag,ScHidden)
VALUES(3,2,N'エアコン',0,null)
INSERT INTO M_SmallClassification(ScID,McID,ScName,ScFlag,ScHidden)
VALUES(4,2,N'冷蔵庫',0,null)
INSERT INTO M_SmallClassification(ScID,McID,ScName,ScFlag,ScHidden)
VALUES(5,2,N'洗濯機',0,null)
INSERT INTO M_SmallClassification(ScID,McID,ScName,ScFlag,ScHidden)
VALUES(6,3,N'オーディオ',0,null)
INSERT INTO M_SmallClassification(ScID,McID,ScName,ScFlag,ScHidden)
VALUES(7,3,N'イヤホン',0,null)
INSERT INTO M_SmallClassification(ScID,McID,ScName,ScFlag,ScHidden)
VALUES(8,3,N'ヘッドホン',0,null)
INSERT INTO M_SmallClassification(ScID,McID,ScName,ScFlag,ScHidden)
VALUES(9,4,N'携帯電話',0,null)
INSERT INTO M_SmallClassification(ScID,McID,ScName,ScFlag,ScHidden)
VALUES(10,4,N'スマートフォン',0,null)
SET IDENTITY_INSERT M_SmallClassification OFF

/*在庫テーブル*/
SET IDENTITY_INSERT T_Stock ON
INSERT INTO T_Stock(StID,PrID,StQuantity,StFlag)
VALUES(1,1,100,0)
INSERT INTO T_Stock(StID,PrID,StQuantity,StFlag)
VALUES(2,2,120,0)
INSERT INTO T_Stock(StID,PrID,StQuantity,StFlag)
VALUES(3,3,199,0)
INSERT INTO T_Stock(StID,PrID,StQuantity,StFlag)
VALUES(4,4,50,0)
INSERT INTO T_Stock(StID,PrID,StQuantity,StFlag)
VALUES(5,5,60,0)
INSERT INTO T_Stock(StID,PrID,StQuantity,StFlag)
VALUES(6,6,32,0)
INSERT INTO T_Stock(StID,PrID,StQuantity,StFlag)
VALUES(7,10,240,0)
SET IDENTITY_INSERT T_Stock OFF


/*メッセージマスタ*/
INSERT INTO M_Message(MsgCD,MsgComments,MsgTitle,MsgButton,MsgICon)VALUES (N'M0001',N'ログオン画面を閉じてもよろしいですか？',N'終了確認',1,64)
INSERT INTO M_Message(MsgCD,MsgComments,MsgTitle,MsgButton,MsgICon)VALUES (N'M0002',N'ログアウトしてもよろしいですか？',N'終了確認',1,64)
INSERT INTO M_Message(MsgCD,MsgComments,MsgTitle,MsgButton,MsgICon)VALUES (N'M0003',N'販売管理システムを終了してよろしいですか？',N'終了確認',1,64)
INSERT INTO M_Message(MsgCD,MsgComments,MsgTitle,MsgButton,MsgICon)VALUES (N'M0004',N'顧客データを更新してよろしいですか？',N'更新確認',1,64)
INSERT INTO M_Message(MsgCD,MsgComments,MsgTitle,MsgButton,MsgICon)VALUES (N'M0005',N'ID又はパスワードが入力されていません。',N'入力確認',0,0)
INSERT INTO M_Message(MsgCD,MsgComments,MsgTitle,MsgButton,MsgICon)VALUES (N'M0006',N'指定したID・PWは、一致しません。',N'入力確認',0,0)
INSERT INTO M_Message(MsgCD,MsgComments,MsgTitle,MsgButton,MsgICon)VALUES (N'M0007',N'ログインIDは半角英数字入力です',N'入力確認',0,0)
INSERT INTO M_Message(MsgCD,MsgComments,MsgTitle,MsgButton,MsgICon)VALUES (N'M0008',N'ログインIDは６文字です',N'入力確認',0,0)
INSERT INTO M_Message(MsgCD,MsgComments,MsgTitle,MsgButton,MsgICon)VALUES (N'M0009',N'入力されたログインIDは既に存在しています',N'入力確認',0,0)
INSERT INTO M_Message(MsgCD,MsgComments,MsgTitle,MsgButton,MsgICon)VALUES (N'M0010',N'ログインIDが入力されていません',N'入力確認',0,0)
INSERT INTO M_Message(MsgCD,MsgComments,MsgTitle,MsgButton,MsgICon)VALUES (N'M0011',N'ログインPWは半角英数字入力です',N'入力確認',0,0)
INSERT INTO M_Message(MsgCD,MsgComments,MsgTitle,MsgButton,MsgICon)VALUES (N'M0012',N'ログインPWが入力されていません',N'入力確認',0,0)
INSERT INTO M_Message(MsgCD,MsgComments,MsgTitle,MsgButton,MsgICon)VALUES (N'M0013',N'ログインID・ログインPWが一致しません',N'入力確認',0,0)
INSERT INTO M_Message(MsgCD,MsgComments,MsgTitle,MsgButton,MsgICon)VALUES (N'M0014',N'新規ログインPWを入力してください',N'入力確認',0,0)
INSERT INTO M_Message(MsgCD,MsgComments,MsgTitle,MsgButton,MsgICon)VALUES (N'M0015',N'ログインPWは８文字以上１０文字以下で入力してください',N'入力確認',0,0)
INSERT INTO M_Message(MsgCD,MsgComments,MsgTitle,MsgButton,MsgICon)VALUES (N'M1001',N'顧客IDは半角数字入力です',N'入力確認',0,0)
INSERT INTO M_Message(MsgCD,MsgComments,MsgTitle,MsgButton,MsgICon)VALUES (N'M1002',N'顧客IDは６文字以下です',N'入力確認',0,0)
INSERT INTO M_Message(MsgCD,MsgComments,MsgTitle,MsgButton,MsgICon)VALUES (N'M1003',N'入力された顧客IDは既に存在しています',N'入力確認',0,0)
INSERT INTO M_Message(MsgCD,MsgComments,MsgTitle,MsgButton,MsgICon)VALUES (N'M1004',N'顧客IDが入力されていません',N'入力確認',0,0)
INSERT INTO M_Message(MsgCD,MsgComments,MsgTitle,MsgButton,MsgICon)VALUES (N'M1005',N'営業所IDは半角数字入力です',N'入力確認',0,0)
INSERT INTO M_Message(MsgCD,MsgComments,MsgTitle,MsgButton,MsgICon)VALUES (N'M1006',N'営業所IDは2文字以下です',N'入力確認',0,0)
INSERT INTO M_Message(MsgCD,MsgComments,MsgTitle,MsgButton,MsgICon)VALUES (N'M1007',N'入力された営業所IDは既に存在しています',N'入力確認',0,0)
INSERT INTO M_Message(MsgCD,MsgComments,MsgTitle,MsgButton,MsgICon)VALUES (N'M1008',N'営業所IDが入力されていません',N'入力確認',0,0)
INSERT INTO M_Message(MsgCD,MsgComments,MsgTitle,MsgButton,MsgICon)VALUES (N'M1009',N'顧客名は全角入力です',N'入力確認',0,0)
INSERT INTO M_Message(MsgCD,MsgComments,MsgTitle,MsgButton,MsgICon)VALUES (N'M1010',N'顧客名は50文字以下です',N'入力確認',0,0)
INSERT INTO M_Message(MsgCD,MsgComments,MsgTitle,MsgButton,MsgICon)VALUES (N'M1011',N'顧客名が入力されていません',N'入力確認',0,0)
INSERT INTO M_Message(MsgCD,MsgComments,MsgTitle,MsgButton,MsgICon)VALUES (N'M1012',N'住所は50文字以下です',N'入力確認',0,0)
INSERT INTO M_Message(MsgCD,MsgComments,MsgTitle,MsgButton,MsgICon)VALUES (N'M1013',N'住所カナは半角カナ入力です',N'入力確認',0,0)
INSERT INTO M_Message(MsgCD,MsgComments,MsgTitle,MsgButton,MsgICon)VALUES (N'M1014',N'住所カナは100文字以下です',N'入力確認',0,0)
INSERT INTO M_Message(MsgCD,MsgComments,MsgTitle,MsgButton,MsgICon)VALUES (N'M1015',N'電話番号は半角数値入力です',N'入力確認',0,0)
INSERT INTO M_Message(MsgCD,MsgComments,MsgTitle,MsgButton,MsgICon)VALUES (N'M1016',N'電話番号は13文字以下です',N'入力確認',0,0)
INSERT INTO M_Message(MsgCD,MsgComments,MsgTitle,MsgButton,MsgICon)VALUES (N'M1017',N'郵便番号は半角数値入力です',N'入力確認',0,0)
INSERT INTO M_Message(MsgCD,MsgComments,MsgTitle,MsgButton,MsgICon)VALUES (N'M1018',N'郵便番号は7文字です',N'入力確認',0,0)
INSERT INTO M_Message(MsgCD,MsgComments,MsgTitle,MsgButton,MsgICon)VALUES (N'M1019',N'FAX番号は半角数値入力です',N'入力確認',0,0)
INSERT INTO M_Message(MsgCD,MsgComments,MsgTitle,MsgButton,MsgICon)VALUES (N'M1020',N'FAX番号は12文字以下です',N'入力確認',0,0)
INSERT INTO M_Message(MsgCD,MsgComments,MsgTitle,MsgButton,MsgICon)VALUES (N'M1021',N'顧客データを登録してよろしいですか？',N'追加確認',1,64)
INSERT INTO M_Message(MsgCD,MsgComments,MsgTitle,MsgButton,MsgICon)VALUES (N'M1022',N'顧客データを登録しました',N'追加確認',0,0)
INSERT INTO M_Message(MsgCD,MsgComments,MsgTitle,MsgButton,MsgICon)VALUES (N'M1023',N'顧客データ登録に失敗しました',N'追加確認',0,0)
INSERT INTO M_Message(MsgCD,MsgComments,MsgTitle,MsgButton,MsgICon)VALUES (N'M1024',N'入力された顧客IDは存在しません',N'入力確認',0,0)
INSERT INTO M_Message(MsgCD,MsgComments,MsgTitle,MsgButton,MsgICon)VALUES (N'M1025',N'顧客データを更新してもよろしいですか？',N'更新確認',1,64)
INSERT INTO M_Message(MsgCD,MsgComments,MsgTitle,MsgButton,MsgICon)VALUES (N'M1026',N'顧客データを更新しました',N'更新確認',0,0)
INSERT INTO M_Message(MsgCD,MsgComments,MsgTitle,MsgButton,MsgICon)VALUES (N'M1027',N'顧客データ更新に失敗しました',N'更新確認',0,0)
INSERT INTO M_Message(MsgCD,MsgComments,MsgTitle,MsgButton,MsgICon)VALUES (N'M1028',N'顧客データを削除してよろしいですか？',N'削除確認',1,64)
INSERT INTO M_Message(MsgCD,MsgComments,MsgTitle,MsgButton,MsgICon)VALUES (N'M1029',N'顧客データを削除しました',N'削除確認',0,0)
INSERT INTO M_Message(MsgCD,MsgComments,MsgTitle,MsgButton,MsgICon)VALUES (N'M1030',N'顧客データ削除に失敗しました',N'削除確認',0,0)
INSERT INTO M_Message(MsgCD,MsgComments,MsgTitle,MsgButton,MsgICon)VALUES (N'M1031',N'郵便番号が入力されていません',N'入力確認',0,0)
INSERT INTO M_Message(MsgCD,MsgComments,MsgTitle,MsgButton,MsgICon)VALUES (N'M1032',N'住所は全角入力です',N'入力確認',0,0)
INSERT INTO M_Message(MsgCD,MsgComments,MsgTitle,MsgButton,MsgICon)VALUES (N'M1033',N'住所が入力されていません',N'入力確認',0,0)
INSERT INTO M_Message(MsgCD,MsgComments,MsgTitle,MsgButton,MsgICon)VALUES (N'M1034',N'FAXが入力されていません',N'入力確認',0,0)
INSERT INTO M_Message(MsgCD,MsgComments,MsgTitle,MsgButton,MsgICon)VALUES (N'M1035',N'電話番号が入力されていません',N'入力確認',0,0)
INSERT INTO M_Message(MsgCD,MsgComments,MsgTitle,MsgButton,MsgICon)VALUES (N'M1036',N'非表示理由は全角入力です',N'入力確認',0,0)
INSERT INTO M_Message(MsgCD,MsgComments,MsgTitle,MsgButton,MsgICon)VALUES (N'M1037',N'顧客管理フラグが不確定です',N'入力確認',0,0)
INSERT INTO M_Message(MsgCD,MsgComments,MsgTitle,MsgButton,MsgICon)VALUES (N'M2001',N'商品IDは半角英数字入力です',N'入力確認',0,0)
INSERT INTO M_Message(MsgCD,MsgComments,MsgTitle,MsgButton,MsgICon)VALUES (N'M2002',N'商品IDは6文字以下です',N'入力確認',0,0)
INSERT INTO M_Message(MsgCD,MsgComments,MsgTitle,MsgButton,MsgICon)VALUES (N'M2003',N'商品IDは既に存在しています',N'入力確認',0,0)
INSERT INTO M_Message(MsgCD,MsgComments,MsgTitle,MsgButton,MsgICon)VALUES (N'M2004',N'商品IDが入力されていません',N'入力確認',0,0)
INSERT INTO M_Message(MsgCD,MsgComments,MsgTitle,MsgButton,MsgICon)VALUES (N'M2005',N'メーカIDは半角英数字入力です',N'入力確認',0,0)
INSERT INTO M_Message(MsgCD,MsgComments,MsgTitle,MsgButton,MsgICon)VALUES (N'M2006',N'メーカIDは4文字以下です',N'入力確認',0,0)
INSERT INTO M_Message(MsgCD,MsgComments,MsgTitle,MsgButton,MsgICon)VALUES (N'M2007',N'メーカIDは既に存在しています',N'入力確認',0,0)
INSERT INTO M_Message(MsgCD,MsgComments,MsgTitle,MsgButton,MsgICon)VALUES (N'M2008',N'メーカIDが入力されていません',N'入力確認',0,0)
INSERT INTO M_Message(MsgCD,MsgComments,MsgTitle,MsgButton,MsgICon)VALUES (N'M2009',N'商品名は全角入力です',N'入力確認',0,0)
INSERT INTO M_Message(MsgCD,MsgComments,MsgTitle,MsgButton,MsgICon)VALUES (N'M2010',N'商品名は50文字以下です',N'入力確認',0,0)
INSERT INTO M_Message(MsgCD,MsgComments,MsgTitle,MsgButton,MsgICon)VALUES (N'M2011',N'商品名が入力されていません',N'入力確認',0,0)
INSERT INTO M_Message(MsgCD,MsgComments,MsgTitle,MsgButton,MsgICon)VALUES (N'M2012',N'価格は半角数字入力です',N'入力確認',0,0)
INSERT INTO M_Message(MsgCD,MsgComments,MsgTitle,MsgButton,MsgICon)VALUES (N'M2013',N'価格が入力されていません',N'入力確認',0,0)
INSERT INTO M_Message(MsgCD,MsgComments,MsgTitle,MsgButton,MsgICon)VALUES (N'M2014',N'価格は9文字以下です',N'入力確認',0,0)
INSERT INTO M_Message(MsgCD,MsgComments,MsgTitle,MsgButton,MsgICon)VALUES (N'M2015',N'安全在庫数が入力されていません',N'入力確認',0,0)
INSERT INTO M_Message(MsgCD,MsgComments,MsgTitle,MsgButton,MsgICon)VALUES (N'M2016',N'安全在庫数は半角数字入力です',N'入力確認',0,0)
INSERT INTO M_Message(MsgCD,MsgComments,MsgTitle,MsgButton,MsgICon)VALUES (N'M2017',N'安全在庫数は4文字以下です',N'入力確認',0,0)
INSERT INTO M_Message(MsgCD,MsgComments,MsgTitle,MsgButton,MsgICon)VALUES (N'M2018',N'小分類IDが入力されていません',N'入力確認',0,0)
INSERT INTO M_Message(MsgCD,MsgComments,MsgTitle,MsgButton,MsgICon)VALUES (N'M2019',N'小分類IDは2文字以下です',N'入力確認',0,0)
INSERT INTO M_Message(MsgCD,MsgComments,MsgTitle,MsgButton,MsgICon)VALUES (N'M2020',N'小分類IDは半角数字入力です',N'入力確認',0,0)
INSERT INTO M_Message(MsgCD,MsgComments,MsgTitle,MsgButton,MsgICon)VALUES (N'M2021',N'型番が入力されていません',N'入力確認',0,0)
INSERT INTO M_Message(MsgCD,MsgComments,MsgTitle,MsgButton,MsgICon)VALUES (N'M2022',N'型番は20文字以下です',N'入力確認',0,0)
INSERT INTO M_Message(MsgCD,MsgComments,MsgTitle,MsgButton,MsgICon)VALUES (N'M2023',N'型番は半角英数で入力です',N'入力確認',0,0)
INSERT INTO M_Message(MsgCD,MsgComments,MsgTitle,MsgButton,MsgICon)VALUES (N'M2024',N'色は全角入力です',N'入力確認',0,0)
INSERT INTO M_Message(MsgCD,MsgComments,MsgTitle,MsgButton,MsgICon)VALUES (N'M2025',N'色は20文字以下です',N'入力確認',0,0)
INSERT INTO M_Message(MsgCD,MsgComments,MsgTitle,MsgButton,MsgICon)VALUES (N'M2026',N'色は入力されていません',N'入力確認',0,0)
INSERT INTO M_Message(MsgCD,MsgComments,MsgTitle,MsgButton,MsgICon)VALUES (N'M2027',N'発売日が入力されていません',N'入力確認',0,0)
INSERT INTO M_Message(MsgCD,MsgComments,MsgTitle,MsgButton,MsgICon)VALUES (N'M2028',N'発売日は半角数字入力です',N'入力確認',0,0)
INSERT INTO M_Message(MsgCD,MsgComments,MsgTitle,MsgButton,MsgICon)VALUES (N'M2029',N'商品データを登録してよろしいですか？',N'入力確認',1,64)
INSERT INTO M_Message(MsgCD,MsgComments,MsgTitle,MsgButton,MsgICon)VALUES (N'M2030',N'商品データを登録しました',N'追加確認',0,0)
INSERT INTO M_Message(MsgCD,MsgComments,MsgTitle,MsgButton,MsgICon)VALUES (N'M2031',N'商品データ登録に失敗しました',N'追加確認',0,0)
INSERT INTO M_Message(MsgCD,MsgComments,MsgTitle,MsgButton,MsgICon)VALUES (N'M2032',N'入力された商品CDは存在しません',N'入力確認',0,0)
INSERT INTO M_Message(MsgCD,MsgComments,MsgTitle,MsgButton,MsgICon)VALUES (N'M2033',N'商品データを更新してよろしいですか？',N'更新確認',1,64)
INSERT INTO M_Message(MsgCD,MsgComments,MsgTitle,MsgButton,MsgICon)VALUES (N'M2034',N'商品データを更新しました',N'更新確認',0,0)
INSERT INTO M_Message(MsgCD,MsgComments,MsgTitle,MsgButton,MsgICon)VALUES (N'M2035',N'商品データの更新に失敗しました',N'更新確認',0,0)
INSERT INTO M_Message(MsgCD,MsgComments,MsgTitle,MsgButton,MsgICon)VALUES (N'M2036',N'商品管理フラグが不確定です',N'入力確認',0,0)
INSERT INTO M_Message(MsgCD,MsgComments,MsgTitle,MsgButton,MsgICon)VALUES (N'M2037',N'商品データを削除しました',N'削除確認',0,64)
INSERT INTO M_Message(MsgCD,MsgComments,MsgTitle,MsgButton,MsgICon)VALUES (N'M2038',N'商品データの削除に失敗しました',N'削除確認',0,64)
INSERT INTO M_Message(MsgCD,MsgComments,MsgTitle,MsgButton,MsgICon)VALUES (N'M2039',N'非表示理由は全角入力です',N'入力確認',0,0)
INSERT INTO M_Message(MsgCD,MsgComments,MsgTitle,MsgButton,MsgICon)VALUES (N'M2040',N'非表示理由が入力されていません',N'入力確認',0,0)
INSERT INTO M_Message(MsgCD,MsgComments,MsgTitle,MsgButton,MsgICon)VALUES (N'M5555',N'選択した項目を削除（非表示）にしますか？',N'削除確認',1,64)
INSERT INTO M_Message(MsgCD,MsgComments,MsgTitle,MsgButton,MsgICon)VALUES (N'M3001',N'在庫IDは半角英数字入力です',N'入力確認',0,0)
INSERT INTO M_Message(MsgCD,MsgComments,MsgTitle,MsgButton,MsgICon)VALUES (N'M3002',N'在庫IDを入力してください',N'入力確認',0,0)
INSERT INTO M_Message(MsgCD,MsgComments,MsgTitle,MsgButton,MsgICon)VALUES (N'M3003',N'在庫IDは６文字以下です',N'入力確認',0,0)
INSERT INTO M_Message(MsgCD,MsgComments,MsgTitle,MsgButton,MsgICon)VALUES (N'M3004',N'安全在庫数が入力されていません',N'入力確認',0,0)
INSERT INTO M_Message(MsgCD,MsgComments,MsgTitle,MsgButton,MsgICon)VALUES (N'M3005',N'安全在庫数は半角数字入力です',N'入力確認',0,0)
INSERT INTO M_Message(MsgCD,MsgComments,MsgTitle,MsgButton,MsgICon)VALUES (N'M3006',N'安全在庫数は4文字以下です',N'入力確認',0,0)
INSERT INTO M_Message(MsgCD,MsgComments,MsgTitle,MsgButton,MsgICon)VALUES (N'M4001',N'消費税率は半角数値入力です',N'入力確認',0,0)
INSERT INTO M_Message(MsgCD,MsgComments,MsgTitle,MsgButton,MsgICon)VALUES (N'M4002',N'消費税率が入力されていません',N'入力確認',0,0)
INSERT INTO M_Message(MsgCD,MsgComments,MsgTitle,MsgButton,MsgICon)VALUES (N'M4003',N'改変日が設定されていません',N'入力確認',0,0)
INSERT INTO M_Message(MsgCD,MsgComments,MsgTitle,MsgButton,MsgICon)VALUES (N'M4004',N'削除フラグが不確定の状態です',N'入力確認',0,0)
INSERT INTO M_Message(MsgCD,MsgComments,MsgTitle,MsgButton,MsgICon)VALUES (N'M4005',N'備考は80文字以下です',N'入力確認',0,0)
INSERT INTO M_Message(MsgCD,MsgComments,MsgTitle,MsgButton,MsgICon)VALUES (N'M4006',N'受注データを登録してよろしいですか？',N'追加確認',1,64)
INSERT INTO M_Message(MsgCD,MsgComments,MsgTitle,MsgButton,MsgICon)VALUES (N'M4007',N'受注データを登録しました',N'追加確認',0,0)
INSERT INTO M_Message(MsgCD,MsgComments,MsgTitle,MsgButton,MsgICon)VALUES (N'M4008',N'受注データ登録に失敗しました',N'追加確認',0,0)
INSERT INTO M_Message(MsgCD,MsgComments,MsgTitle,MsgButton,MsgICon)VALUES (N'M4009',N'受注IDは半角数値入力です',N'入力確認',0,0)
INSERT INTO M_Message(MsgCD,MsgComments,MsgTitle,MsgButton,MsgICon)VALUES (N'M4010',N'入力された受注IDは存在しません',N'入力確認',0,0)
INSERT INTO M_Message(MsgCD,MsgComments,MsgTitle,MsgButton,MsgICon)VALUES (N'M4011',N'受注データを更新してよろしいですか？',N'更新確認',1,64)
INSERT INTO M_Message(MsgCD,MsgComments,MsgTitle,MsgButton,MsgICon)VALUES (N'M4012',N'受注データを更新しました',N'更新確認',0,0)
INSERT INTO M_Message(MsgCD,MsgComments,MsgTitle,MsgButton,MsgICon)VALUES (N'M4013',N'受注データ更新に失敗しました',N'更新確認',0,0)
INSERT INTO M_Message(MsgCD,MsgComments,MsgTitle,MsgButton,MsgICon)VALUES (N'M4014',N'入力された受注IDは他で利用されているため削除できません',N'削除確認',0,0)
INSERT INTO M_Message(MsgCD,MsgComments,MsgTitle,MsgButton,MsgICon)VALUES (N'M4015',N'受注データを削除してよろしいですか？',N'削除確認',1,64)
INSERT INTO M_Message(MsgCD,MsgComments,MsgTitle,MsgButton,MsgICon)VALUES (N'M4016',N'受注データを削除しました',N'削除確認',0,0)
INSERT INTO M_Message(MsgCD,MsgComments,MsgTitle,MsgButton,MsgICon)VALUES (N'M4017',N'受注データ削除に失敗しました',N'削除確認',0,0)
INSERT INTO M_Message(MsgCD,MsgComments,MsgTitle,MsgButton,MsgICon)VALUES (N'M4021',N'受注IDが入力されていません',N'入力確認',0,0)
INSERT INTO M_Message(MsgCD,MsgComments,MsgTitle,MsgButton,MsgICon)VALUES (N'M4022',N'受注IDは６文字以内です',N'入力確認',0,0)
INSERT INTO M_Message(MsgCD,MsgComments,MsgTitle,MsgButton,MsgICon)VALUES (N'M4023',N'受注IDは数字のみです',N'入力確認',0,0)
INSERT INTO M_Message(MsgCD,MsgComments,MsgTitle,MsgButton,MsgICon)VALUES (N'M4024',N'顧客担当者名は５０文字以内です',N'入力確認',0,0)
INSERT INTO M_Message(MsgCD,MsgComments,MsgTitle,MsgButton,MsgICon)VALUES (N'M4025',N'顧客担当者名は全角入力です',N'入力確認',0,0)
INSERT INTO M_Message(MsgCD,MsgComments,MsgTitle,MsgButton,MsgICon)VALUES (N'M4026',N'顧客担当者名が入力されていません',N'入力確認',0,0)
INSERT INTO M_Message(MsgCD,MsgComments,MsgTitle,MsgButton,MsgICon)VALUES (N'M4027',N'受注状態管理フラグが不確定です',N'入力確認',0,0)
INSERT INTO M_Message(MsgCD,MsgComments,MsgTitle,MsgButton,MsgICon)VALUES (N'M4028',N'受注管理フラグが不確定です',N'入力確認',0,0)
INSERT INTO M_Message(MsgCD,MsgComments,MsgTitle,MsgButton,MsgICon)VALUES (N'M5007',N'店舗名が入力されていません',N'入力確認',0,0)
INSERT INTO M_Message(MsgCD,MsgComments,MsgTitle,MsgButton,MsgICon)VALUES (N'M5008',N'備考は80文字以下です',N'入力確認',0,0)
INSERT INTO M_Message(MsgCD,MsgComments,MsgTitle,MsgButton,MsgICon)VALUES (N'M5009',N'店舗名カナは半角カナ入力です',N'入力確認',0,0)
INSERT INTO M_Message(MsgCD,MsgComments,MsgTitle,MsgButton,MsgICon)VALUES (N'M5010',N'店舗名カナは50文字以下です',N'入力確認',0,0)
INSERT INTO M_Message(MsgCD,MsgComments,MsgTitle,MsgButton,MsgICon)VALUES (N'M5011',N'店舗名カナが入力されていません',N'入力確認',0,0)
INSERT INTO M_Message(MsgCD,MsgComments,MsgTitle,MsgButton,MsgICon)VALUES (N'M5012',N'郵便番号は半角数値入力です ',N'入力確認',0,0)
INSERT INTO M_Message(MsgCD,MsgComments,MsgTitle,MsgButton,MsgICon)VALUES (N'M5013',N'郵便番号は7文字です',N'入力確認',0,0)
INSERT INTO M_Message(MsgCD,MsgComments,MsgTitle,MsgButton,MsgICon)VALUES (N'M5014',N'住所は50文字以下です',N'入力確認',0,0)
INSERT INTO M_Message(MsgCD,MsgComments,MsgTitle,MsgButton,MsgICon)VALUES (N'M5015',N'住所カナは半角カナ入力です',N'入力確認',0,0)
INSERT INTO M_Message(MsgCD,MsgComments,MsgTitle,MsgButton,MsgICon)VALUES (N'M5016',N'住所カナは100文字以下です',N'入力確認',0,0)
INSERT INTO M_Message(MsgCD,MsgComments,MsgTitle,MsgButton,MsgICon)VALUES (N'M5017',N'電話番号は半角数値入力です',N'入力確認',0,0)
INSERT INTO M_Message(MsgCD,MsgComments,MsgTitle,MsgButton,MsgICon)VALUES (N'M5018',N'電話番号は12文字以下です',N'入力確認',0,0)
INSERT INTO M_Message(MsgCD,MsgComments,MsgTitle,MsgButton,MsgICon)VALUES (N'M5019',N'電話番号が入力されていません',N'入力確認',0,0)
INSERT INTO M_Message(MsgCD,MsgComments,MsgTitle,MsgButton,MsgICon)VALUES (N'M5020',N'FAX番号は半角数値入力です',N'入力確認',0,0)
INSERT INTO M_Message(MsgCD,MsgComments,MsgTitle,MsgButton,MsgICon)VALUES (N'M5021',N'FAX番号は12文字以下です',N'入力確認',0,0)
INSERT INTO M_Message(MsgCD,MsgComments,MsgTitle,MsgButton,MsgICon)VALUES (N'M5022',N'メールアドレスの入力形式が不正です',N'入力確認',0,0)
INSERT INTO M_Message(MsgCD,MsgComments,MsgTitle,MsgButton,MsgICon)VALUES (N'M5023',N'メールアドレスは30文字以下です',N'入力確認',0,0)
INSERT INTO M_Message(MsgCD,MsgComments,MsgTitle,MsgButton,MsgICon)VALUES (N'M5024',N'店舗データを登録してよろしいですか？',N'追加確認',1,64)
INSERT INTO M_Message(MsgCD,MsgComments,MsgTitle,MsgButton,MsgICon)VALUES (N'M5025',N'店舗データを登録しました',N'追加確認',0,0)
INSERT INTO M_Message(MsgCD,MsgComments,MsgTitle,MsgButton,MsgICon)VALUES (N'M5026',N'店舗データ登録に失敗しました',N'追加確認',0,0)
INSERT INTO M_Message(MsgCD,MsgComments,MsgTitle,MsgButton,MsgICon)VALUES (N'M5027',N'入力された店舗CDは存在しません',N'入力確認',0,0)
INSERT INTO M_Message(MsgCD,MsgComments,MsgTitle,MsgButton,MsgICon)VALUES (N'M5028',N'店舗データを更新してよろしいですか？',N'更新確認',1,64)
INSERT INTO M_Message(MsgCD,MsgComments,MsgTitle,MsgButton,MsgICon)VALUES (N'M5029',N'店舗データを更新しました',N'更新確認',0,0)
INSERT INTO M_Message(MsgCD,MsgComments,MsgTitle,MsgButton,MsgICon)VALUES (N'M5030',N'店舗データ更新に失敗しました',N'更新確認',0,0)
INSERT INTO M_Message(MsgCD,MsgComments,MsgTitle,MsgButton,MsgICon)VALUES (N'M5031',N'入力された店舗CDは他で利用されているため削除できません',N'削除確認',0,0)
INSERT INTO M_Message(MsgCD,MsgComments,MsgTitle,MsgButton,MsgICon)VALUES (N'M5032',N'店舗データを削除してよろしいですか？',N'削除確認',1,64)
INSERT INTO M_Message(MsgCD,MsgComments,MsgTitle,MsgButton,MsgICon)VALUES (N'M5033',N'店舗データを削除しました',N'削除確認',0,0)
INSERT INTO M_Message(MsgCD,MsgComments,MsgTitle,MsgButton,MsgICon)VALUES (N'M5034',N'店舗データ削除に失敗しました',N'削除確認',0,0)
INSERT INTO M_Message(MsgCD,MsgComments,MsgTitle,MsgButton,MsgICon)VALUES (N'M6001',N'社員IDは半角数字入力です',N'入力確認',0,0)
INSERT INTO M_Message(MsgCD,MsgComments,MsgTitle,MsgButton,MsgICon)VALUES (N'M6002',N'社員IDは６文字です',N'入力確認',0,0)
INSERT INTO M_Message(MsgCD,MsgComments,MsgTitle,MsgButton,MsgICon)VALUES (N'M6003',N'入力された社員IDは既に存在しています',N'入力確認',0,0)
INSERT INTO M_Message(MsgCD,MsgComments,MsgTitle,MsgButton,MsgICon)VALUES (N'M6004',N'社員IDが入力されていません',N'入力確認',0,0)
INSERT INTO M_Message(MsgCD,MsgComments,MsgTitle,MsgButton,MsgICon)VALUES (N'M6005',N'社員名は全角入力です',N'入力確認',0,0)
INSERT INTO M_Message(MsgCD,MsgComments,MsgTitle,MsgButton,MsgICon)VALUES (N'M6006',N'社員名は50文字以下です',N'入力確認',0,0)
INSERT INTO M_Message(MsgCD,MsgComments,MsgTitle,MsgButton,MsgICon)VALUES (N'M6007',N'社員名が入力されていません',N'入力確認',0,0)
INSERT INTO M_Message(MsgCD,MsgComments,MsgTitle,MsgButton,MsgICon)VALUES (N'M6008',N'社員名カナは半角カナ入力です',N'入力確認',0,0)
INSERT INTO M_Message(MsgCD,MsgComments,MsgTitle,MsgButton,MsgICon)VALUES (N'M6009',N'社員名カナは50文字以下です',N'入力確認',0,0)
INSERT INTO M_Message(MsgCD,MsgComments,MsgTitle,MsgButton,MsgICon)VALUES (N'M6010',N'社員名カナが入力されていません',N'入力確認',0,0)
INSERT INTO M_Message(MsgCD,MsgComments,MsgTitle,MsgButton,MsgICon)VALUES (N'M6021',N'役職IDは数字入力です',N'入力確認',0,0)
INSERT INTO M_Message(MsgCD,MsgComments,MsgTitle,MsgButton,MsgICon)VALUES (N'M6022',N'役職ID2文字以下です',N'入力確認',0,0)
INSERT INTO M_Message(MsgCD,MsgComments,MsgTitle,MsgButton,MsgICon)VALUES (N'M6023',N'役職IDを入力してください',N'入力確認',0,0)
INSERT INTO M_Message(MsgCD,MsgComments,MsgTitle,MsgButton,MsgICon)VALUES (N'M6024',N'パスワードは半角数字入力です',N'入力確認',0,0)
INSERT INTO M_Message(MsgCD,MsgComments,MsgTitle,MsgButton,MsgICon)VALUES (N'M6025',N'パスワードは１０文字以下です',N'入力確認',0,0)
INSERT INTO M_Message(MsgCD,MsgComments,MsgTitle,MsgButton,MsgICon)VALUES (N'M6026',N'パスワードを入力してください',N'入力確認',0,0)
INSERT INTO M_Message(MsgCD,MsgComments,MsgTitle,MsgButton,MsgICon)VALUES (N'M6027',N'社員管理フラグが不確定です',N'入力確認',0,0)
INSERT INTO M_Message(MsgCD,MsgComments,MsgTitle,MsgButton,MsgICon)VALUES (N'M6011',N'社員データを登録してよろしいですか？',N'追加確認',1,64)
INSERT INTO M_Message(MsgCD,MsgComments,MsgTitle,MsgButton,MsgICon)VALUES (N'M6012',N'社員データを登録しました',N'追加確認',0,0)
INSERT INTO M_Message(MsgCD,MsgComments,MsgTitle,MsgButton,MsgICon)VALUES (N'M6013',N'社員データ登録に失敗しました',N'追加確認',0,0)
INSERT INTO M_Message(MsgCD,MsgComments,MsgTitle,MsgButton,MsgICon)VALUES (N'M6014',N'社員データを更新してよろしいですか？',N'更新確認',1,64)
INSERT INTO M_Message(MsgCD,MsgComments,MsgTitle,MsgButton,MsgICon)VALUES (N'M6015',N'社員データを更新しました',N'更新確認',0,0)
INSERT INTO M_Message(MsgCD,MsgComments,MsgTitle,MsgButton,MsgICon)VALUES (N'M6016',N'社員データ更新に失敗しました',N'更新確認',0,0)
INSERT INTO M_Message(MsgCD,MsgComments,MsgTitle,MsgButton,MsgICon)VALUES (N'M6017',N'社員データを削除してよろしいですか？',N'削除確認',1,64)
INSERT INTO M_Message(MsgCD,MsgComments,MsgTitle,MsgButton,MsgICon)VALUES (N'M6018',N'社員データを削除しました',N'削除確認',0,0)
INSERT INTO M_Message(MsgCD,MsgComments,MsgTitle,MsgButton,MsgICon)VALUES (N'M6019',N'社員データの削除に失敗しました',N'削除確認',0,0)
INSERT INTO M_Message(MsgCD,MsgComments,MsgTitle,MsgButton,MsgICon)VALUES (N'M6020',N'入力された社員IDは他で利用されているため削除できません',N'削除確認',0,0)
INSERT INTO M_Message(MsgCD,MsgComments,MsgTitle,MsgButton,MsgICon)VALUES (N'M7001',N'日付は半角英数字です',N'入力確認',0,0)
INSERT INTO M_Message(MsgCD,MsgComments,MsgTitle,MsgButton,MsgICon)VALUES (N'M7002',N'日付が入力されていません',N'入力確認',0,0)
INSERT INTO M_Message(MsgCD,MsgComments,MsgTitle,MsgButton,MsgICon)VALUES (N'M7003',N'入力可能な日付を入力してください',N'入力確認',0,0)
INSERT INTO M_Message(MsgCD,MsgComments,MsgTitle,MsgButton,MsgICon)VALUES (N'M8001',N'入出荷IDが入力されていません',N'入力確認',0,0)
INSERT INTO M_Message(MsgCD,MsgComments,MsgTitle,MsgButton,MsgICon)VALUES (N'M8002',N'入出荷IDは半角数字入力です',N'入力確認',0,0)
INSERT INTO M_Message(MsgCD,MsgComments,MsgTitle,MsgButton,MsgICon)VALUES (N'M8003',N'入出荷IDは6文字です',N'入力確認',0,0)
INSERT INTO M_Message(MsgCD,MsgComments,MsgTitle,MsgButton,MsgICon)VALUES (N'M8004',N'入荷状態を更新しますか',N'入力確認',0,0)
INSERT INTO M_Message(MsgCD,MsgComments,MsgTitle,MsgButton,MsgICon)VALUES (N'M8005',N'入荷状態を更新しますか',N'更新確認',0,0)
INSERT INTO M_Message(MsgCD,MsgComments,MsgTitle,MsgButton,MsgICon)VALUES (N'M8006',N'出荷状態を更新しますか',N'更新確認',0,0)
INSERT INTO M_Message(MsgCD,MsgComments,MsgTitle,MsgButton,MsgICon)VALUES (N'M8007',N'出荷状態を更新しました',N'更新確認',0,0)
INSERT INTO M_Message(MsgCD,MsgComments,MsgTitle,MsgButton,MsgICon)VALUES (N'M9001',N'入出庫IDが入力されていません',N'入力確認',0,0)
INSERT INTO M_Message(MsgCD,MsgComments,MsgTitle,MsgButton,MsgICon)VALUES (N'M9002',N'入出庫IDは半角数字入力です',N'入力確認',0,0)
INSERT INTO M_Message(MsgCD,MsgComments,MsgTitle,MsgButton,MsgICon)VALUES (N'M9003',N'入出庫IDは6文字です',N'入力確認',0,0)
INSERT INTO M_Message(MsgCD,MsgComments,MsgTitle,MsgButton,MsgICon)VALUES (N'M9004',N'入庫状態を更新しますか',N'更新確認',0,0)
INSERT INTO M_Message(MsgCD,MsgComments,MsgTitle,MsgButton,MsgICon)VALUES (N'M9005',N'入庫状態を更新しました',N'更新確認',0,0)
INSERT INTO M_Message(MsgCD,MsgComments,MsgTitle,MsgButton,MsgICon)VALUES (N'M9006',N'出庫状態を更新しますか',N'更新確認',0,0)
INSERT INTO M_Message(MsgCD,MsgComments,MsgTitle,MsgButton,MsgICon)VALUES (N'M9007',N'出庫状態を更新しました',N'更新確認',0,0)
INSERT INTO M_Message(MsgCD,MsgComments,MsgTitle,MsgButton,MsgICon)VALUES (N'M1101',N'発注IDは半角数字入力です',N'入力確認',0,0)
INSERT INTO M_Message(MsgCD,MsgComments,MsgTitle,MsgButton,MsgICon)VALUES (N'M1102',N'発注ID６文字以内です',N'入力確認',0,0)
INSERT INTO M_Message(MsgCD,MsgComments,MsgTitle,MsgButton,MsgICon)VALUES (N'M1103',N'発注IDが未入力です',N'入力確認',0,0)
INSERT INTO M_Message(MsgCD,MsgComments,MsgTitle,MsgButton,MsgICon)VALUES (N'M1104',N'発注社員IDが半角数字入力です',N'入力確認',0,0)
INSERT INTO M_Message(MsgCD,MsgComments,MsgTitle,MsgButton,MsgICon)VALUES (N'M1105',N'発注社員ID６文字以内です',N'入力確認',0,0)
INSERT INTO M_Message(MsgCD,MsgComments,MsgTitle,MsgButton,MsgICon)VALUES (N'M1106',N'発注社員IDが未入力です',N'入力確認',0,0)
INSERT INTO M_Message(MsgCD,MsgComments,MsgTitle,MsgButton,MsgICon)VALUES (N'M1107',N'入庫済フラグが未確定です',N'入力確認',0,0)
INSERT INTO M_Message(MsgCD,MsgComments,MsgTitle,MsgButton,MsgICon)VALUES (N'M1108',N'発注管理フラグが不確定です',N'入力確認',0,0)
INSERT INTO M_Message(MsgCD,MsgComments,MsgTitle,MsgButton,MsgICon)VALUES (N'M1109',N'発注データを登録してよろしいですか？',N'登録確認',1,64)
INSERT INTO M_Message(MsgCD,MsgComments,MsgTitle,MsgButton,MsgICon)VALUES (N'M1110',N'発注データを登録しました',N'登録確認',0,0)
INSERT INTO M_Message(MsgCD,MsgComments,MsgTitle,MsgButton,MsgICon)VALUES (N'M1111',N'発注データ登録に失敗しました',N'登録確認',0,0)
INSERT INTO M_Message(MsgCD,MsgComments,MsgTitle,MsgButton,MsgICon)VALUES (N'M1112',N'入力された発注IDは存在しません',N'登録確認',0,0)
INSERT INTO M_Message(MsgCD,MsgComments,MsgTitle,MsgButton,MsgICon)VALUES (N'M1113',N'発注データを更新してもよろしいですか？',N'更新確認',1,64)
INSERT INTO M_Message(MsgCD,MsgComments,MsgTitle,MsgButton,MsgICon)VALUES (N'M1114',N'発注データを更新しました',N'更新確認',0,0)
INSERT INTO M_Message(MsgCD,MsgComments,MsgTitle,MsgButton,MsgICon)VALUES (N'M1115',N'発注データ更新に失敗しました',N'更新確認',0,0)
INSERT INTO M_Message(MsgCD,MsgComments,MsgTitle,MsgButton,MsgICon)VALUES (N'M1116',N'発注データを削除してよろしいですか？',N'削除確認',1,64)
INSERT INTO M_Message(MsgCD,MsgComments,MsgTitle,MsgButton,MsgICon)VALUES (N'M1117',N'発注データを削除しました',N'削除確認',0,0)
INSERT INTO M_Message(MsgCD,MsgComments,MsgTitle,MsgButton,MsgICon)VALUES (N'M1118',N'発注データ削除に失敗しました',N'削除確認',0,0)
INSERT INTO M_Message(MsgCD,MsgComments,MsgTitle,MsgButton,MsgICon)VALUES (N'M1201',N'注文IDは半角数字入力です',N'入力確認',0,0)
INSERT INTO M_Message(MsgCD,MsgComments,MsgTitle,MsgButton,MsgICon)VALUES (N'M1202',N'注文IDは６文字以内です',N'入力確認',0,0)
INSERT INTO M_Message(MsgCD,MsgComments,MsgTitle,MsgButton,MsgICon)VALUES (N'M1203',N'注文IDが入力されていません',N'入力確認',0,0)
INSERT INTO M_Message(MsgCD,MsgComments,MsgTitle,MsgButton,MsgICon)VALUES (N'M1204',N'注文状態フラグが不確定です',N'入力確認',0,0)
INSERT INTO M_Message(MsgCD,MsgComments,MsgTitle,MsgButton,MsgICon)VALUES (N'M1205',N'入力された注文IDは存在しません',N'入力確認',0,0)
INSERT INTO M_Message(MsgCD,MsgComments,MsgTitle,MsgButton,MsgICon)VALUES (N'M1206',N'入力された営業所IDは存在しません',N'入力確認',0,0)
INSERT INTO M_Message(MsgCD,MsgComments,MsgTitle,MsgButton,MsgICon)VALUES (N'M1207',N'入力された社員IDは存在しません',N'入力確認',0,0)
INSERT INTO M_Message(MsgCD,MsgComments,MsgTitle,MsgButton,MsgICon)VALUES (N'M1208',N'入力された顧客IDは存在しません',N'入力確認',0,0)
INSERT INTO M_Message(MsgCD,MsgComments,MsgTitle,MsgButton,MsgICon)VALUES (N'M1209',N'入力された受注IDは存在しません',N'入力確認',0,0)
INSERT INTO M_Message(MsgCD,MsgComments,MsgTitle,MsgButton,MsgICon)VALUES (N'M1210',N'注文データを削除してよろしいですか？',N'削除確認',1,64)
INSERT INTO M_Message(MsgCD,MsgComments,MsgTitle,MsgButton,MsgICon)VALUES (N'M1211',N'注文データを削除しました',N'削除確認',0,0)
INSERT INTO M_Message(MsgCD,MsgComments,MsgTitle,MsgButton,MsgICon)VALUES (N'M1212',N'注文データ削除に失敗しました',N'削除確認',0,0)
INSERT INTO M_Message(MsgCD,MsgComments,MsgTitle,MsgButton,MsgICon)VALUES (N'M1301',N'入荷IDは半角数字入力です',N'入力確認',0,0)
INSERT INTO M_Message(MsgCD,MsgComments,MsgTitle,MsgButton,MsgICon)VALUES (N'M1302',N'入荷IDは６文字以内です',N'入力確認',0,0)
INSERT INTO M_Message(MsgCD,MsgComments,MsgTitle,MsgButton,MsgICon)VALUES (N'M1303',N'入荷IDが入力されていません',N'入力確認',0,0)
INSERT INTO M_Message(MsgCD,MsgComments,MsgTitle,MsgButton,MsgICon)VALUES (N'M1304',N'入荷状態フラグが不確定です',N'入力確認',0,0)
INSERT INTO M_Message(MsgCD,MsgComments,MsgTitle,MsgButton,MsgICon)VALUES (N'M1305',N'入荷管理フラグが不確定です',N'入力確認',0,0)
INSERT INTO M_Message(MsgCD,MsgComments,MsgTitle,MsgButton,MsgICon)VALUES (N'M1306',N'入力された入荷IDが存在しません',N'入力確認',0,0)
INSERT INTO M_Message(MsgCD,MsgComments,MsgTitle,MsgButton,MsgICon)VALUES (N'M1307',N'入荷データを削除してよろしいですか？',N'削除確認',1,64)
INSERT INTO M_Message(MsgCD,MsgComments,MsgTitle,MsgButton,MsgICon)VALUES (N'M1308',N'入荷データを削除しました',N'削除確認',0,0)
INSERT INTO M_Message(MsgCD,MsgComments,MsgTitle,MsgButton,MsgICon)VALUES (N'M1309',N'入荷データ削除に失敗しました',N'削除確認',0,0)

/*出庫テーブル*/
SET IDENTITY_INSERT T_syukko ON
INSERT INTO T_syukko(SyID,EmID,ClID,SoID,OrID,SyDate,SyStateFlag,SyFlag,SyHidden)
VALUES(1,1,2,1,1,N'2022/12/08',0,0,null)
SET IDENTITY_INSERT T_syukko OFF

SET IDENTITY_INSERT T_Order ON
INSERT INTO T_Order(OrID,SoID,EmID,ClID,ClCharge,OrDate,OrStateFlag,OrFlag,OrHidden)
VALUES(1,1,310,2,N'萬田銀次郎',N'2020/12/10',0,0,null)
SET IDENTITY_INSERT T_Order OFF

SET IDENTITY_INSERT T_OrderDetail ON
INSERT INTO T_OrderDetail(OrDetailID,OrID,PrID,OrQuantity,OrTotalPrice)
VALUES(1,1,3,40,200000 )
SET IDENTITY_INSERT T_OrderDetail OFF

/*テンプレ*/
/*SET IDENTITY_INSERT  ON
INSERT INTO ()
VALUES()
SET IDENTITY_INSERT  OFF*/
